Monica	Rachel_Green	friend
Rachel_Green	Monica	friend
Monica	Joey_Tribbiani	friend
Joey_Tribbiani	Monica	friend
Phoebe	Monica_Geller	friend
Monica_Geller	Phoebe	friend
Phoebe	Mary_Ellen_Jenkins	friend
Mary_Ellen_Jenkins	Phoebe	friend
Joey	Chandler_Bing	friend
Chandler_Bing	Joey	friend
Joey	Monica_Geller	friend
Monica_Geller	Joey	friend
Joey	Rachel_Green	friend
Rachel_Green	Joey	friend
Joey	Ross_Geller	friend
Ross_Geller	Joey	friend
Joey	Phoebe_Buffay	friend
Phoebe_Buffay	Joey	friend
Ross	Monkey_Marcel	friend
Monkey_Marcel	Ross	friend
Ross	Chandler_Bing	friend
Chandler_Bing	Ross	friend
Ross	Phoebe_Buffay	friend
Phoebe_Buffay	Ross	friend
Ross	Joey_Tribbiani	friend
Joey_Tribbiani	Ross	friend
Ross	Will_Colbert	friend
Will_Colbert	Ross	friend
Rachel	Ross_Geller	lover
Ross_Geller	Rachel	lover
Rachel	Paolo	lover
Paolo	Rachel	lover
Rachel	Paul_Stevens	lover
Paul_Stevens	Rachel	lover
Rachel	Tag_Jones	lover
Tag_Jones	Rachel	lover
Rachel	Joshua_Burgin	lover
Joshua_Burgin	Rachel	lover
Rachel	Danny	lover
Danny	Rachel	lover
Rachel	Joey_Tribbiani	lover
Joey_Tribbiani	Rachel	lover
Rachel	Barry_Farber	lover
Barry_Farber	Rachel	lover
Rachel	Phoebe_Buffay	lover
Phoebe_Buffay	Rachel	lover
Monica	Chandler_Bing	lover
Chandler_Bing	Monica	lover
Monica	Pete_Becker	lover
Pete_Becker	Monica	lover
Monica	Richard_Burke	lover
Richard_Burke	Monica	lover
Monica	Stuart	lover
Stuart	Monica	lover
Monica	Julio	lover
Julio	Monica	lover
Monica	Bobby	lover
Bobby	Monica	lover
Phoebe	Mike_Hannigan	lover
Mike_Hannigan	Phoebe	lover
Phoebe	Gary	lover
Gary	Phoebe	lover
Phoebe	David	lover
David	Phoebe	lover
Phoebe	Ross_Geller	lover
Ross_Geller	Phoebe	lover
Phoebe	Joey_Tribbiani_Jr.	lover
Joey_Tribbiani_Jr.	Phoebe	lover
Phoebe	Eric	lover
Eric	Phoebe	lover
Phoebe	Malcolm	lover
Malcolm	Phoebe	lover
Phoebe	Rachel_Green	lover
Rachel_Green	Phoebe	lover
Joey	Alex_Garrett	lover
Alex_Garrett	Joey	lover
Joey	Rachel_Green	lover
Rachel_Green	Joey	lover
Joey	Melanie	lover
Melanie	Joey	lover
Joey	Kathy	lover
Kathy	Joey	lover
Chandler	Monica_Geller	lover
Monica_Geller	Chandler	lover
Chandler	Kathy	lover
Kathy	Chandler	lover
Chandler	Janice_Litman_Goralnik	lover
Janice_Litman_Goralnik	Chandler	lover
Chandler	Joanna	lover
Joanna	Chandler	lover
Ross	Rachel_Green	lover
Rachel_Green	Ross	lover
Ross	Carol_Willick	lover
Carol_Willick	Ross	lover
Ross	Emily_Waltham	lover
Emily_Waltham	Ross	lover
Ross	Phoebe_Buffay	lover
Phoebe_Buffay	Ross	lover
Ross	Bonnie	lover
Bonnie	Ross	lover
Ross	Charlie_Wheeler	lover
Charlie_Wheeler	Ross	lover
Ross	Jill_Green	lover
Jill_Green	Ross	lover
Ross	Mona	lover
Mona	Ross	lover
Ross	Julie	lover
Julie	Ross	lover
Ross	Elizabeth_Stevens	lover
Elizabeth_Stevens	Ross	lover
Ross	Joey_Tribbiani_Jr.	lover
Joey_Tribbiani_Jr.	Ross	lover
Rachel	Green	name
Green	Rachel	name
Rachel	Rachel_Green	name
Rachel_Green	Rachel	name
Rachel	Geller	name
Geller	Rachel	name
Rachel	Rachel_Geller	name
Rachel_Geller	Rachel	name
Rachel	Karen_Green	name
Karen_Green	Rachel	name
Rachel	Rachel_Karen_Green	name
Rachel_Karen_Green	Rachel	name
Rachel	Karen_Green-Geller	name
Karen_Green-Geller	Rachel	name
Rachel	Rachel_Karen_Green-Geller	name
Rachel_Karen_Green-Geller	Rachel	name
Leonard	Green	name
Green	Leonard	name
Leonard	Leonard_Green	name
Leonard_Green	Leonard	name
Sandra	Green	name
Green	Sandra	name
Sandra	Sandra_Green	name
Sandra_Green	Sandra	name
Amy	Green	name
Green	Amy	name
Amy	Amy_Green	name
Amy_Green	Amy	name
Jill	Green	name
Green	Jill	name
Jill	Jill_Green	name
Jill_Green	Jill	name
Ida	Green	name
Green	Ida	name
Ida	Ida_Green	name
Ida_Green	Ida	name
Emma	Geller-Green	name
Geller-Green	Emma	name
Emma	Emma_Geller-Green	name
Emma_Geller-Green	Emma	name
Ross	Geller	name
Geller	Ross	name
Ross	Ross_Geller	name
Ross_Geller	Ross	name
Paul	Stevens	name
Stevens	Paul	name
Paul	Paul_Stevens	name
Paul_Stevens	Paul	name
Tag	Jones	name
Jones	Tag	name
Tag	Tag_Jones	name
Tag_Jones	Tag	name
Joshua	Burgin	name
Burgin	Joshua	name
Joshua	Joshua_Burgin	name
Joshua_Burgin	Joshua	name
Joey	Tribbiani	name
Tribbiani	Joey	name
Joey	Joey_Tribbiani	name
Joey_Tribbiani	Joey	name
Barry	Farber	name
Farber	Barry	name
Barry	Barry_Farber	name
Barry_Farber	Barry	name
Phoebe	Buffay	name
Buffay	Phoebe	name
Phoebe	Phoebe_Buffay	name
Phoebe_Buffay	Phoebe	name
Monica	Geller	name
Geller	Monica	name
Monica	Monica_Geller	name
Monica_Geller	Monica	name
Monica	E._Geller	name
E._Geller	Monica	name
Monica	Monica_E._Geller	name
Monica_E._Geller	Monica	name
Monica	Geller-Bing	name
Geller-Bing	Monica	name
Monica	Monica_Geller-Bing	name
Monica_Geller-Bing	Monica	name
Jack	Geller	name
Geller	Jack	name
Jack	Jack_Geller	name
Jack_Geller	Jack	name
Judy	Geller	name
Geller	Judy	name
Judy	Judy_Geller	name
Judy_Geller	Judy	name
Ross	Geller	name
Geller	Ross	name
Ben	Geller	name
Geller	Ben	name
Ben	Ben_Geller	name
Ben_Geller	Ben	name
Cassie	Geller	name
Geller	Cassie	name
Cassie	Cassie_Geller	name
Cassie_Geller	Cassie	name
Chandler	Bing	name
Bing	Chandler	name
Chandler	Chandler_Bing	name
Chandler_Bing	Chandler	name
Pete	Becker	name
Becker	Pete	name
Pete	Pete_Becker	name
Pete_Becker	Pete	name
Richard	Burke	name
Burke	Richard	name
Richard	Richard_Burke	name
Richard_Burke	Richard	name
Rachel	Green	name
Green	Rachel	name
Joey	Tribbiani	name
Tribbiani	Joey	name
Phoebe	Buffay	name
Buffay	Phoebe	name
Phoebe	Buffay-Hannigan	name
Buffay-Hannigan	Phoebe	name
Phoebe	Phoebe_Buffay-Hannigan	name
Phoebe_Buffay-Hannigan	Phoebe	name
Phoebe	Sullivan	name
Sullivan	Phoebe	name
Regina	Phalange	name
Phalange	Regina	name
Regina	Regina_Phalange	name
Regina_Phalange	Regina	name
Frank	Buffay_Sr.	name
Buffay_Sr.	Frank	name
Frank	Frank_Buffay_Sr.	name
Frank_Buffay_Sr.	Frank	name
Phoebe	Abbott	name
Abbott	Phoebe	name
Phoebe	Phoebe_Abbott	name
Phoebe_Abbott	Phoebe	name
Lily	Buffay	name
Buffay	Lily	name
Lily	Lily_Buffay	name
Lily_Buffay	Lily	name
Ursula	Buffay	name
Buffay	Ursula	name
Ursula	Ursula_Buffay	name
Ursula_Buffay	Ursula	name
Mike	Hannigan	name
Hannigan	Mike	name
Mike	Mike_Hannigan	name
Mike_Hannigan	Mike	name
Ross	Geller	name
Geller	Ross	name
Joey	Tribbiani_Jr.	name
Tribbiani_Jr.	Joey	name
Joey	Joey_Tribbiani_Jr.	name
Joey_Tribbiani_Jr.	Joey	name
Rachel	Green	name
Green	Rachel	name
Monica	Geller	name
Geller	Monica	name
Mary	Ellen_Jenkins	name
Ellen_Jenkins	Mary	name
Mary	Mary_Ellen_Jenkins	name
Mary_Ellen_Jenkins	Mary	name
Joey	Tribbiani	name
Tribbiani	Joey	name
Joey	Tribbiani_Jr.	name
Tribbiani_Jr.	Joey	name
Joseph	Francis_Tribbiani_Jr.	name
Francis_Tribbiani_Jr.	Joseph	name
Joseph	Joseph_Francis_Tribbiani_Jr.	name
Joseph_Francis_Tribbiani_Jr.	Joseph	name
Joey	Joseph_Francis_Tribbiani_Jr.	name
Joseph_Francis_Tribbiani_Jr.	Joey	name
Ken	Adams	name
Adams	Ken	name
Ken	Ken_Adams	name
Ken_Adams	Ken	name
Holden	McGroin	name
McGroin	Holden	name
Holden	Holden_McGroin	name
Holden_McGroin	Holden	name
Chandler	Bing	name
Bing	Chandler	name
Joseph	Stalin	name
Stalin	Joseph	name
Joseph	Joseph_Stalin	name
Joseph_Stalin	Joseph	name
Drake	Ramoray	name
Ramoray	Drake	name
Drake	Drake_Ramoray	name
Drake_Ramoray	Drake	name
Baby	Kangarro_Tribbiani	name
Kangarro_Tribbiani	Baby	name
Baby	Baby_Kangarro_Tribbiani	name
Baby_Kangarro_Tribbiani	Baby	name
Joey	Tribbiani_Sr.	name
Tribbiani_Sr.	Joey	name
Joey	Joey_Tribbiani_Sr.	name
Joey_Tribbiani_Sr.	Joey	name
Gloria	Tribbiani	name
Tribbiani	Gloria	name
Gloria	Gloria_Tribbiani	name
Gloria_Tribbiani	Gloria	name
Gina	Tribbiani	name
Tribbiani	Gina	name
Gina	Gina_Tribbiani	name
Gina_Tribbiani	Gina	name
Tina	Tribbiani	name
Tribbiani	Tina	name
Tina	Tina_Tribbiani	name
Tina_Tribbiani	Tina	name
Dina	Tribbiani	name
Tribbiani	Dina	name
Dina	Dina_Tribbiani	name
Dina_Tribbiani	Dina	name
Mary-Angela	Tribbiani	name
Tribbiani	Mary-Angela	name
Mary-Angela	Mary-Angela_Tribbiani	name
Mary-Angela_Tribbiani	Mary-Angela	name
Mary-Therese	Tribbiani	name
Tribbiani	Mary-Therese	name
Mary-Therese	Mary-Therese_Tribbiani	name
Mary-Therese_Tribbiani	Mary-Therese	name
Veronica	Tribbiani	name
Tribbiani	Veronica	name
Veronica	Veronica_Tribbiani	name
Veronica_Tribbiani	Veronica	name
Cookie	Tribbiani	name
Tribbiani	Cookie	name
Cookie	Cookie_Tribbiani	name
Cookie_Tribbiani	Cookie	name
Alex	Garrett	name
Garrett	Alex	name
Alex	Alex_Garrett	name
Alex_Garrett	Alex	name
Rachel	Green	name
Green	Rachel	name
Chandler	Bing	name
Bing	Chandler	name
Monica	Geller	name
Geller	Monica	name
Rachel	Green	name
Green	Rachel	name
Ross	Geller	name
Geller	Ross	name
Phoebe	Buffay	name
Buffay	Phoebe	name
Chandler	Bing	name
Bing	Chandler	name
Chandler	Muriel_Bing	name
Muriel_Bing	Chandler	name
Chandler	Chandler_Muriel_Bing	name
Chandler_Muriel_Bing	Chandler	name
Charles	Bing	name
Bing	Charles	name
Charles	Charles_Bing	name
Charles_Bing	Charles	name
Nora	Tyler_Bing	name
Tyler_Bing	Nora	name
Nora	Nora_Tyler_Bing	name
Nora_Tyler_Bing	Nora	name
Monica	Geller	name
Geller	Monica	name
Jack	Bing	name
Bing	Jack	name
Jack	Jack_Bing	name
Jack_Bing	Jack	name
Erica	Bing	name
Bing	Erica	name
Erica	Erica_Bing	name
Erica_Bing	Erica	name
Janice	Litman_Goralnik	name
Litman_Goralnik	Janice	name
Janice	Janice_Litman_Goralnik	name
Janice_Litman_Goralnik	Janice	name
Ross	Geller	name
Geller	Ross	name
Ross	Eustace_Geller	name
Eustace_Geller	Ross	name
Ross	Ross_Eustace_Geller	name
Ross_Eustace_Geller	Ross	name
Jack	Geller	name
Geller	Jack	name
Judy	Geller	name
Geller	Judy	name
Monica	Geller	name
Geller	Monica	name
Ben	Geller	name
Geller	Ben	name
Emma	Geller-Green	name
Geller-Green	Emma	name
Cassie	Geller	name
Geller	Cassie	name
Jack	Bing	name
Bing	Jack	name
Erica	Bing	name
Bing	Erica	name
Rachel	Green	name
Green	Rachel	name
Carol	Willick	name
Willick	Carol	name
Carol	Carol_Willick	name
Carol_Willick	Carol	name
Emily	Waltham	name
Waltham	Emily	name
Emily	Emily_Waltham	name
Emily_Waltham	Emily	name
Phoebe	Buffay	name
Buffay	Phoebe	name
Charlie	Wheeler	name
Wheeler	Charlie	name
Charlie	Charlie_Wheeler	name
Charlie_Wheeler	Charlie	name
Jill	Green	name
Green	Jill	name
Elizabeth	Stevens	name
Stevens	Elizabeth	name
Elizabeth	Elizabeth_Stevens	name
Elizabeth_Stevens	Elizabeth	name
Joey	Tribbiani_Jr.	name
Tribbiani_Jr.	Joey	name
Chandler	Bing	name
Bing	Chandler	name
Phoebe	Buffay	name
Buffay	Phoebe	name
Joey	Tribbiani	name
Tribbiani	Joey	name
Will	Colbert	name
Colbert	Will	name
Will	Will_Colbert	name
Will_Colbert	Will	name
Rachel	Rach	nickname
Rach	Rachel	nickname
Rachel	Green	nickname
Green	Rachel	nickname
Rachel	Ray-Ray	nickname
Ray-Ray	Rachel	nickname
Rachel	Pumpkin	nickname
Pumpkin	Rachel	nickname
Rachel	Raquel	nickname
Raquel	Rachel	nickname
Rachel	Mrs._Geller	nickname
Mrs._Geller	Rachel	nickname
Monica	Mon	nickname
Mon	Monica	nickname
Monica	Harmonica	nickname
Harmonica	Monica	nickname
Monica	Marsha	nickname
Marsha	Monica	nickname
Monica	Monican	nickname
Monican	Monica	nickname
Monica	Monicow	nickname
Monicow	Monica	nickname
Monica	Monana	nickname
Monana	Monica	nickname
Phoebe	Pheebs	nickname
Pheebs	Phoebe	nickname
Phoebe	Phyllis	nickname
Phyllis	Phoebe	nickname
Phoebe	Pooh	nickname
Pooh	Phoebe	nickname
Phoebe	PeHee	nickname
PeHee	Phoebe	nickname
Phoebe	Emma	nickname
Emma	Phoebe	nickname
Phoebe	Regina_Phalange	nickname
Regina_Phalange	Phoebe	nickname
Phoebe	Princess_Consuela_Bananahammock	nickname
Princess_Consuela_Bananahammock	Phoebe	nickname
Phoebe	Valerie	nickname
Valerie	Phoebe	nickname
Joey	Joe	nickname
Joe	Joey	nickname
Joey	Chandler	nickname
Chandler	Joey	nickname
Joey	Mario	nickname
Mario	Joey	nickname
Joey	Kevin	nickname
Kevin	Joey	nickname
Joey	Drake	nickname
Drake	Joey	nickname
Joey	Ken_Adams	nickname
Ken_Adams	Joey	nickname
Joey	Holden_McGroin	nickname
Holden_McGroin	Joey	nickname
Joey	Chandler_Bing	nickname
Chandler_Bing	Joey	nickname
Joey	Joseph_Stalin	nickname
Joseph_Stalin	Joey	nickname
Joey	Drake_Ramoray	nickname
Drake_Ramoray	Joey	nickname
Joey	Baby_Kangarro_Tribbiani	nickname
Baby_Kangarro_Tribbiani	Joey	nickname
Chandler	Ringo	nickname
Ringo	Chandler	nickname
Chandler	Mr._Big	nickname
Mr._Big	Chandler	nickname
Chandler	Roland_Chang	nickname
Roland_Chang	Chandler	nickname
Chandler	Chinandolor_Bong	nickname
Chinandolor_Bong	Chandler	nickname
Chandler	Toby	nickname
Toby	Chandler	nickname
Chandler	Skidmark	nickname
Skidmark	Chandler	nickname
Chandler	Chan-Chan_man	nickname
Chan-Chan_man	Chandler	nickname
Chandler	Duck	nickname
Duck	Chandler	nickname
Chandler	Mondler	nickname
Mondler	Chandler	nickname
Chandler	Clint	nickname
Clint	Chandler	nickname
Chandler	Gene	nickname
Gene	Chandler	nickname
Chandler	Mark_Johnson	nickname
Mark_Johnson	Chandler	nickname
Chandler	John_Markson	nickname
John_Markson	Chandler	nickname
Chandler	Mr._Sensitivity	nickname
Mr._Sensitivity	Chandler	nickname
Chandler	The_Boy_Who_Hates_Thanksgiving	nickname
The_Boy_Who_Hates_Thanksgiving	Chandler	nickname
Chandler	Bob	nickname
Bob	Chandler	nickname
Chandler	Denis	nickname
Denis	Chandler	nickname
Chandler	Smokey_Joe	nickname
Smokey_Joe	Chandler	nickname
Ross	Rossie	nickname
Rossie	Ross	nickname
Ross	divorce-o	nickname
divorce-o	Ross	nickname
Ross	the_Divorcer	nickname
the_Divorcer	Ross	nickname
Ross	Red_Ross	nickname
Red_Ross	Ross	nickname
Ross	Dr._Geller	nickname
Dr._Geller	Ross	nickname
Ross	Mental_Geller	nickname
Mental_Geller	Ross	nickname
Ross	Mr._Big_Shot	nickname
Mr._Big_Shot	Ross	nickname
Ross	gel_boy	nickname
gel_boy	Ross	nickname
Ross	Bobo_the_Sperm_Guy	nickname
Bobo_the_Sperm_Guy	Ross	nickname
Ross	Ron	nickname
Ron	Ross	nickname
Ross	Don	nickname
Don	Ross	nickname
Ross	Holiday_Armadillo	nickname
Holiday_Armadillo	Ross	nickname
Ross	porn_king_of_the_west_village	nickname
porn_king_of_the_west_village	Ross	nickname
Ross	Lovey_Loverson	nickname
Lovey_Loverson	Ross	nickname
Ross	Pampers	nickname
Pampers	Ross	nickname
Ross	Brown_Bird	nickname
Brown_Bird	Ross	nickname
Rachel	waitress	occupation
waitress	Rachel	occupation
Rachel	assistant	occupation
assistant	Rachel	occupation
Rachel	buyer	occupation
buyer	Rachel	occupation
Rachel	personal_shopper	occupation
personal_shopper	Rachel	occupation
Rachel	executive	occupation
executive	Rachel	occupation
Monica	chef	occupation
chef	Monica	occupation
Monica	waitress	occupation
waitress	Monica	occupation
Monica	head_chef	occupation
head_chef	Monica	occupation
Phoebe	masseuse	occupation
masseuse	Phoebe	occupation
Phoebe	mugger	occupation
mugger	Phoebe	occupation
Phoebe	songwriter	occupation
songwriter	Phoebe	occupation
Phoebe	musician	occupation
musician	Phoebe	occupation
Phoebe	extra	occupation
extra	Phoebe	occupation
Phoebe	telemarketer	occupation
telemarketer	Phoebe	occupation
Phoebe	substitute_secretary	occupation
substitute_secretary	Phoebe	occupation
Phoebe	worker	occupation
worker	Phoebe	occupation
Joey	actor	occupation
actor	Joey	occupation
Joey	minister	occupation
minister	Joey	occupation
Joey	Christmas_elf	occupation
Christmas_elf	Joey	occupation
Joey	sampler	occupation
sampler	Joey	occupation
Joey	processor	occupation
processor	Joey	occupation
Joey	salesman	occupation
salesman	Joey	occupation
Joey	tour_guide	occupation
tour_guide	Joey	occupation
Joey	waiter	occupation
waiter	Joey	occupation
Joey	gladiator	occupation
gladiator	Joey	occupation
Ross	paleontologist	occupation
paleontologist	Ross	occupation
Ross	professor	occupation
professor	Ross	occupation
Rachel	Leonard_Green	relative
Rachel	Sandra_Green	relative
Rachel	Amy_Green	relative
Rachel	Jill_Green	relative
Rachel	Ida_Green	relative
Rachel	Muriel	relative
Rachel	Emma_Geller-Green	relative
Monica	Jack_Geller	relative
Monica	Judy_Geller	relative
Monica	Ross_Geller	relative
Monica	Althea	relative
Monica	Ben_Geller	relative
Monica	Cassie_Geller	relative
Monica	Frannie	relative
Phoebe	Frank_Buffay_Sr.	relative
Phoebe	Phoebe_Abbott	relative
Phoebe	Lily_Buffay	relative
Phoebe	Ursula_Buffay	relative
Joey	Joey_Tribbiani_Sr.	relative
Joey	Gloria_Tribbiani	relative
Joey	Gina_Tribbiani	relative
Joey	Tina_Tribbiani	relative
Joey	Dina_Tribbiani	relative
Joey	Mary-Angela_Tribbiani	relative
Joey	Mary-Therese_Tribbiani	relative
Joey	Veronica_Tribbiani	relative
Joey	Cookie_Tribbiani	relative
Chandler	Charles_Bing	relative
Chandler	Nora_Tyler_Bing	relative
Chandler	Albert	relative
Chandler	Glen	relative
Chandler	Jack_Bing	relative
Chandler	Erica_Bing	relative
Ross	Jack_Geller	relative
Ross	Judy_Geller	relative
Ross	Monica_Geller	relative
Ross	Ben_Geller	relative
Ross	Emma_Geller-Green	relative
Ross	Althea	relative
Ross	Cassie_Geller	relative
Ross	Frannie	relative
Ross	Liddy	relative
Ross	Phylis	relative
Ross	Lillian	relative
Ross	Sylvia	relative
Ross	Iris	relative
Ross	Millie	relative
Ross	Cheryl	relative
Ross	Lisa	relative
Ross	Marilyn	relative
Ross	Freddie	relative
Ross	Dan	relative
Ross	Murray	relative
Ross	Jack_Bing	relative
Ross	Erica_Bing	relative
Rachel	Central_Perk	workplace
Rachel	Fortunata_Fashions	workplace
Rachel	Blooming-dale's	workplace
Rachel	Ralph_Lauren	workplace
Monica	Iridium	workplace
Monica	Moondance_Diner	workplace
Monica	Allesandro's	workplace
Monica	Javu	workplace
Phoebe	TV_show	workplace
Phoebe	Dairy_Queen	workplace
Joey	Christmas_tree	workplace
Joey	Allesandro's	workplace
Joey	Caesars_Palace	workplace
Joey	Central_Perk	workplace
Ross	college	workplace
